sol,e1,e2,e3,e4,e5,e6,e7,e8,e9,e10,pvalue
175,"[292, 161, 179, 270, 190, 195, 193, 168, 247, 216]","RanksumsResult(statistic=-0.9486832980505138, pvalue=0.34278171114791145)"
181,"[1000, 185, 268, 525, 183, 165, 235, 136, 203, 197]","RanksumsResult(statistic=-0.9486832980505138, pvalue=0.34278171114791145)"
151,"[175, 205, 205, 224, 202, 167, 189, 180, 237, 178]","RanksumsResult(statistic=-1.5811388300841895, pvalue=0.11384629800665805)"
153,"[167, 352, 204, 144, 268, 321, 152, 158, 1000, 229]","RanksumsResult(statistic=-0.9486832980505138, pvalue=0.34278171114791145)"
180,"[157, 205, 189, 197, 182, 182, 1000, 205, 175, 1000]","RanksumsResult(statistic=-0.9486832980505138, pvalue=0.34278171114791145)"
163,"[1000, 194, 251, 270, 205, 221, 319, 197, 171, 191]","RanksumsResult(statistic=-1.5811388300841895, pvalue=0.11384629800665805)"
165,"[185, 183, 203, 175, 266, 290, 174, 1000, 1000, 1000]","RanksumsResult(statistic=-1.5811388300841895, pvalue=0.11384629800665805)"
152,"[1000, 1000, 189, 190, 205, 196, 189, 301, 1000, 1000]","RanksumsResult(statistic=-1.5811388300841895, pvalue=0.11384629800665805)"
144,"[252, 170, 211, 1000, 212, 255, 170, 212, 139, 182]","RanksumsResult(statistic=-1.2649110640673518, pvalue=0.2059032107320684)"
